{"numLayers":2,"numFilters":4,"filterSize":3,"learningRate":0.02,"flatSize":100,"convLayers":[{"filters":[[[[-0.6124908717227675],[0.5031577071438057],[0.3011019562602772]],[[-0.4221832400592288],[-0.42955161518255497],[0.20818064196405728]],[[0.30166690704928073],[0.9538655370598421],[-0.14516165332058142]]],[[[-0.2884117340460704],[-0.6943946761796216],[-0.1926003420989475]],[[-0.28235881651605405],[-0.5050671898296443],[-0.5952218949628896]],[[0.1671606690502718],[0.0994924189131728],[0.8468185426742162]]],[[[0.705436142726394],[0.2615446610057792],[-0.6997927993493037]],[[-0.253222728551969],[0.3525069170996119],[0.6008060428165968]],[[0.6926007351766402],[-0.368181027513616],[-0.34341994214434]]],[[[1.1199406988640828],[-0.7074824352861446],[-0.45060877981075276]],[[1.0935393298935252],[0.7460792598417691],[0.19740301760282128]],[[0.26727725653154044],[0.8287375590935105],[1.574985530203829]]]],"biases":[-0.049894773498120264,0.04894526605965825,0.09512368942878728,0.05805280568431562]},{"filters":[[[[-0.23741591056496106,-0.33163904023492613,-0.03979703232409218,0.36064829035507584],[-0.43158774818508644,0.059331115743237094,0.13707105422692714,0.9183140545622428],[-0.07579182090929684,-0.33523755574739084,0.03650828696173435,0.042568931254599894]],[[-0.20425981679742425,0.07268880833969321,-0.005353439962353277,-0.6263922002975197],[0.275864595900071,-0.32333043769820613,0.012765601723336736,0.02391345086703568],[-0.16366118040135755,-0.1544192729789903,0.8230122479467697,0.9964601916895085]],[[0.0897559022166067,-0.22852793761541015,-0.0077555892030534,-0.6293104190927968],[-0.20344089183706326,0.18349126096391366,-0.36384038502006216,-0.5670615713719646],[0.4553601536346992,-0.5359469434019779,0.07992972850898009,-0.24026520202663781]]],[[[0.2081216467289677,0.006461635210178759,-0.2832334005014086,0.5919177442923765],[-0.07215874830857687,0.009771741666263606,0.6168221547241253,0.18398903666126507],[0.010755613291907383,-0.026916794950720534,-0.42634925426803894,0.11870061032362789]],[[-0.04066250133369565,0.050580356798121416,0.42025144692141836,0.9336254562139096],[-0.06636624318772866,-0.06114311587469367,0.40885064787518516,0.35249659877817713],[0.00495204423363395,0.25501928499510373,0.29639874742183153,-0.48160351698291065]],[[0.0376150623863631,-0.10467201470619751,0.0331925075205102,-0.10929776504090005],[-0.2713960299995832,0.6023523845513128,-0.07964323443389024,-0.4443234878164684],[-0.08337197495054705,-0.2913982423264203,-0.10789994783605607,-0.8222851859077005]]],[[[-0.25958634025651733,0.02792064865161983,0.3937159131303333,-0.1787929432839987],[-0.1505590294417333,-0.41918581531486965,-0.1777970419481406,-0.39359675147939205],[-0.08020014573861006,-0.00660655350144847,-0.14749323203324816,-0.06192058989074952]],[[-0.0996478143603451,-0.02215505687495694,-0.21658310408535783,-0.31170076799378105],[0.0470481937067942,0.1001347608111447,-0.028409349378158054,-0.6117032853140072],[-0.1983533641474655,-0.4779657792764784,-0.08965338501973769,-0.6671960868919976]],[[0.33758468331409586,-0.05109295496600913,-0.29089807351777464,0.15725316624133606],[0.4895561276051262,0.3697123058694353,-0.13691620426619575,0.40422814560521814],[-0.08218310098298356,0.36127127558691174,0.29314222702897974,-0.45608861593017586]]],[[[0.015602581165193863,0.11835864379760358,-0.07684877000031463,-0.696675441002906],[-0.04527396799736461,0.2986489216905567,0.4964377617675124,0.08226792189344474],[0.253467703189225,0.2944301673747232,0.11617890646673952,0.3728120810934424]],[[0.0625775668299031,-0.5369527434380282,0.050205153727576675,-0.15283533207715735],[-0.14721173784239117,0.006096303601595414,-0.5169756249350219,-0.8513025161200727],[-0.2776772197057297,0.09141397834696517,0.12410428308208504,-0.3789745012153475]],[[-0.2584797963215157,-0.42659710757951796,0.5195453279736767,0.22639981204913925],[-0.04804963288592922,-0.11785619865878096,-0.2804233751568524,-0.08928331394898409],[-0.43296343640705814,0.08305392802968921,-0.34395924094638314,-0.24843017640380458]]]],"biases":[-0.10669012883487713,0.2390542161464694,0.4370848408259347,0.20227331382690006]}],