{"numLayers":2,"numFilters":4,"filterSize":3,"learningRate":0.02,"flatSize":100,"convLayers":[{"filters":[[[[0.699540235966942],[-0.3287552836099571],[-0.14071923948630796]],[[0.10841018638142981],[0.01968355543789605],[0.40258305392184945]],[[0.6466070272752252],[-0.15797563279553203],[-0.08754072613982576]]],[[[1.1142040238699102],[0.42550383012066473],[-0.18322114584856622]],[[0.869721733504071],[0.2508260502968653],[0.5236564325340283]],[[0.13235411713594483],[-0.5870715143556559],[-0.37857735625739747]]],[[[0.571910870840507],[0.07946442187313285],[-0.5077350562944307]],[[1.0887250053783033],[0.4254805113766829],[0.7604706952426431]],[[-0.25732645728979275],[1.231412478404179],[-1.0323274579998534]]],[[[0.5111666988851244],[-0.6708200804142077],[0.1767559736386516]],[[0.5349072985382486],[-0.10158092376444783],[-0.7178502081866422]],[[-0.5844111007716244],[0.3536526766423489],[0.13061139290990822]]]],"biases":[-0.2300136321654649,-0.07389954535573579,-0.07564389175190736,0.10645894729970194]},{"filters":[[[[0.2987107629189366,-0.08888734553564619,0.16596650295592708,-0.15499109115150358],[0.40276300035640955,0.6314547371693978,0.1547822532496202,0.31232011603095833],[0.29147001645858345,-0.14457036667555223,-0.4752193436556176,0.33342868341344273]],[[0.0227131957936349,-0.36789013662021985,-0.07793933482665154,0.14155971551049887],[0.7308128524602595,-0.03451363999976218,0.19470893383624874,0.11404416762750495],[0.036004234901280754,-0.27017743196229443,0.2975381060018745,-0.5714209159017283]],[[0.22413924073544933,0.01173349878107621,0.3007576084814327,-0.11966701190467757],[0.3050324270205099,0.38495619213005255,0.4761522987375114,0.19258345658011616],[0.21628035006777027,-0.1340471105620026,-0.5909760580823985,0.2323384329279969]]],[[[-0.0653167323903026,-0.11651861329128013,-0.27088978591706947,-0.06680020686465778],[0.08181395080466068,-0.1280882574758443,-0.08708677451085288,-0.15962372234039954],[-0.41120329158325236,-0.31158033141245606,0.0040297189443435815,0.17875972349006705]],[[-0.04003318978544508,-0.12921427356866447,-0.7851969604151166,-0.08490008192323863],[-0.198748912978322,-0.1106954228434691,-0.2810697407973323,0.2416273056831331],[-0.5512192434288482,0.14961779828644453,-0.24867221439521808,0.08310759143591799]],[[-0.0031764988951455144,-0.08932838748668172,-0.022544750306723246,-0.11015796441702372],[-0.3796581814395224,0.39974666281275684,0.20023935509502283,0.2734168060908149],[-0.07248653471041061,0.5768837701971457,0.4106429585311203,-0.1868727834853475]]],[[[-0.07730333375588778,0.0548278843521366,0.4351554353011108,0.09750878710332464],[-0.053346550717864975,-0.6066738167444419,-0.05506271938340032,0.10384261950410509],[-0.22700773886369846,-0.4138631379465524,-0.46122394598394517,0.13526903056993408]],[[0.21272084002624794,0.3612217352824065,0.01822553466567494,-0.20084391127428203],[0.12131372260362024,0.1066301441310085,-0.20161695422638543,0.0026945817455431274],[0.10722876516011656,0.0698577450021979,0.2552768916030313,-0.16963494493198394]],[[-0.21810094508250352,-0.19681234628750371,-0.4861195821464568,-0.16397783874832988],[0.24386758618949364,0.4731700331085797,0.10770680674766094,0.052496305445676884],[0.3262638614337812,0.3250537910452882,-0.33540700585652783,0.20991230700217609]]],[[[0.17891351615682188,-0.0984321797080026,0.11880709826773805,0.19157790591664892],[0.1094086968859646,0.4682619004969213,0.5229228551529559,0.04521504325135855],[0.1497057657234364,-0.1275842397574479,0.5913323657598868,0.17711814998297945]],[[0.16674884213470645,-0.16584410332523977,0.12460698437143243,0.32421951292480566],[0.09119146389570496,0.19407367674209855,0.22378294654430564,-0.007557833264745168],[-0.22768858580813964,-0.14552260624915664,-0.14690229144859332,-0.3929488981116886]],[[0.022104601473037902,-0.3838392273443149,-0.24812736490911624,-0.5243311563323328],[-0.07684134036229717,0.0017044996749330343,-0.3371882087852581,-0.5697536442707803],[-0.23765724563547588,-0.10705840949007647,-0.00789860228697721,-0.03053868506153146]]]],"biases":[-0.14608614804403638,-0.07267695687776006,-0.2824113906219588,-0.3115178660663374]}],